id,agent_past_pos,robot_past_pos,predicted_target_pos
0,"[[6.77, 6.87, 6.99, 7.16, 7.39, 7.53, 7.78, 8.09, 8.44, 8.76], [3.98, 3.98, 3.98, 3.98, 3.96, 3.96, 3.96, 3.98, 3.98, 3.98]]","[[5.956651674737873, 6.132966597069851, 6.3091728463840635, 6.485333446771865, 6.661535327289712, 6.837769222377853, 7.014064580585362, 7.190371550434112, 7.3665739311945355, 7.54267996034954], [2.480944146838352, 2.5171801532831615, 2.5539409707743093, 2.590919922503764, 2.6277016747998974, 2.6643297271923236, 2.7006607975658476, 2.7369354772026417, 2.773714833020257, 2.8109528041687573]]","[10.52878230295513, 3.3971271730270947]"
1,"[[6.87, 6.99, 7.16, 7.39, 7.53, 7.78, 8.09, 8.44, 8.76, 9.23], [3.98, 3.98, 3.98, 3.96, 3.96, 3.96, 3.98, 3.98, 3.98, 3.98]]","[[6.132966597069851, 6.3091728463840635, 6.485333446771865, 6.661535327289712, 6.837769222377853, 7.014064580585362, 7.190371550434112, 7.3665739311945355, 7.54267996034954, 7.718850722162901], [2.5171801532831615, 2.5539409707743093, 2.590919922503764, 2.6277016747998974, 2.6643297271923236, 2.7006607975658476, 2.7369354772026417, 2.773714833020257, 2.8109528041687573, 2.847883315701906]]","[11.165756573527037, 3.4969519096807877]"
2,"[[6.99, 7.16, 7.39, 7.53, 7.78, 8.09, 8.44, 8.76, 9.23, 9.41], [3.98, 3.98, 3.96, 3.96, 3.96, 3.98, 3.98, 3.98, 3.98, 3.98]]","[[6.3091728463840635, 6.485333446771865, 6.661535327289712, 6.837769222377853, 7.014064580585362, 7.190371550434112, 7.3665739311945355, 7.54267996034954, 7.718850722162901, 7.895111851056765], [2.5539409707743093, 2.590919922503764, 2.6277016747998974, 2.6643297271923236, 2.7006607975658476, 2.7369354772026417, 2.773714833020257, 2.8109528041687573, 2.847883315701906, 2.884380088724474]]","[11.643258623441408, 3.4259080752509634]"
3,"[[7.16, 7.39, 7.53, 7.78, 8.09, 8.44, 8.76, 9.23, 9.41, 9.54], [3.98, 3.96, 3.96, 3.96, 3.98, 3.98, 3.98, 3.98, 3.98, 3.98]]","[[6.485333446771865, 6.661535327289712, 6.837769222377853, 7.014064580585362, 7.190371550434112, 7.3665739311945355, 7.54267996034954, 7.718850722162901, 7.895111851056765, 8.071634099903], [2.590919922503764, 2.6277016747998974, 2.6643297271923236, 2.7006607975658476, 2.7369354772026417, 2.773714833020257, 2.8109528041687573, 2.847883315701906, 2.884380088724474, 2.9195922409203874]]","[11.902556941928756, 3.3408934270051347]"
4,"[[7.39, 7.53, 7.78, 8.09, 8.44, 8.76, 9.23, 9.41, 9.54, 9.72], [3.96, 3.96, 3.96, 3.98, 3.98, 3.98, 3.98, 3.98, 3.98, 3.98]]","[[6.661535327289712, 6.837769222377853, 7.014064580585362, 7.190371550434112, 7.3665739311945355, 7.54267996034954, 7.718850722162901, 7.895111851056765, 8.071634099903, 8.248515774840147], [2.6277016747998974, 2.6643297271923236, 2.7006607975658476, 2.7369354772026417, 2.773714833020257, 2.8109528041687573, 2.847883315701906, 2.884380088724474, 2.9195922409203874, 2.952951993189094]]","[12.091413905257017, 3.2163671509840466]"
5,"[[7.53, 7.78, 8.09, 8.44, 8.76, 9.23, 9.41, 9.54, 9.72, 9.85], [3.96, 3.96, 3.98, 3.98, 3.98, 3.98, 3.98, 3.98, 3.98, 3.98]]","[[6.837769222377853, 7.014064580585362, 7.190371550434112, 7.3665739311945355, 7.54267996034954, 7.718850722162901, 7.895111851056765, 8.071634099903, 8.248515774840147, 8.425851967207864], [2.6643297271923236, 2.7006607975658476, 2.7369354772026417, 2.773714833020257, 2.8109528041687573, 2.847883315701906, 2.884380088724474, 2.9195922409203874, 2.952951993189094, 2.983804462725907]]","[12.157176878325417, 3.113920433695107]"
6,"[[7.78, 8.09, 8.44, 8.76, 9.23, 9.41, 9.54, 9.72, 9.85, 9.92], [3.96, 3.98, 3.98, 3.98, 3.98, 3.98, 3.98, 3.98, 3.98, 3.98]]","[[7.014064580585362, 7.190371550434112, 7.3665739311945355, 7.54267996034954, 7.718850722162901, 7.895111851056765, 8.071634099903, 8.248515774840147, 8.425851967207864, 8.603672714542423], [2.7006607975658476, 2.7369354772026417, 2.773714833020257, 2.8109528041687573, 2.847883315701906, 2.884380088724474, 2.9195922409203874, 2.952951993189094, 2.983804462725907, 3.0117290364447498]]","[12.147691459964786, 2.9522119955960178]"
7,"[[8.09, 8.44, 8.76, 9.23, 9.41, 9.54, 9.72, 9.85, 9.92, 9.99], [3.98, 3.98, 3.98, 3.98, 3.98, 3.98, 3.98, 3.98, 3.98, 3.99]]","[[7.190371550434112, 7.3665739311945355, 7.54267996034954, 7.718850722162901, 7.895111851056765, 8.071634099903, 8.248515774840147, 8.425851967207864, 8.603672714542423, 8.782033531321717], [2.7369354772026417, 2.773714833020257, 2.8109528041687573, 2.847883315701906, 2.884380088724474, 2.9195922409203874, 2.952951993189094, 2.983804462725907, 3.0117290364447498, 3.035965765552099]]","[12.087755052699281, 2.87766791387039]"
8,"[[8.44, 8.76, 9.23, 9.41, 9.54, 9.72, 9.85, 9.92, 9.99, 10.08], [3.98, 3.98, 3.98, 3.98, 3.98, 3.98, 3.98, 3.98, 3.99, 3.99]]","[[7.3665739311945355, 7.54267996034954, 7.718850722162901, 7.895111851056765, 8.071634099903, 8.248515774840147, 8.425851967207864, 8.603672714542423, 8.782033531321717, 8.96088331529782], [2.773714833020257, 2.8109528041687573, 2.847883315701906, 2.884380088724474, 2.9195922409203874, 2.952951993189094, 2.983804462725907, 3.0117290364447498, 3.035965765552099, 3.0562821326412495]]","[11.957620557042816, 2.8526005891718205]"
9,"[[8.76, 9.23, 9.41, 9.54, 9.72, 9.85, 9.92, 9.99, 10.08, 10.21], [3.98, 3.98, 3.98, 3.98, 3.98, 3.98, 3.98, 3.99, 3.99, 3.99]]","[[7.54267996034954, 7.718850722162901, 7.895111851056765, 8.071634099903, 8.248515774840147, 8.425851967207864, 8.603672714542423, 8.782033531321717, 8.96088331529782, 9.140132097821796], [2.8109528041687573, 2.847883315701906, 2.884380088724474, 2.9195922409203874, 2.952951993189094, 2.983804462725907, 3.0117290364447498, 3.035965765552099, 3.0562821326412495, 3.0727099737554164]]","[11.871143250089252, 2.854565899673042]"
10,"[[9.23, 9.41, 9.54, 9.72, 9.85, 9.92, 9.99, 10.08, 10.21, 10.3], [3.98, 3.98, 3.98, 3.98, 3.98, 3.98, 3.99, 3.99, 3.99, 4.0]]","[[7.718850722162901, 7.895111851056765, 8.071634099903, 8.248515774840147, 8.425851967207864, 8.603672714542423, 8.782033531321717, 8.96088331529782, 9.140132097821796, 9.319680372687948], [2.847883315701906, 2.884380088724474, 2.9195922409203874, 2.952951993189094, 2.983804462725907, 3.0117290364447498, 3.035965765552099, 3.0562821326412495, 3.0727099737554164, 3.085454266304978]]","[11.85565320632137, 2.846039321060189]"
11,"[[9.41, 9.54, 9.72, 9.85, 9.92, 9.99, 10.08, 10.21, 10.3, 10.4], [3.98, 3.98, 3.98, 3.98, 3.98, 3.99, 3.99, 3.99, 4.0, 4.0]]","[[7.895111851056765, 8.071634099903, 8.248515774840147, 8.425851967207864, 8.603672714542423, 8.782033531321717, 8.96088331529782, 9.140132097821796, 9.319680372687948, 9.499445762536656], [2.884380088724474, 2.9195922409203874, 2.952951993189094, 2.983804462725907, 3.0117290364447498, 3.035965765552099, 3.0562821326412495, 3.0727099737554164, 3.085454266304978, 3.0946414646016525]]","[11.892839517495762, 2.8587654259311126]"
12,"[[9.54, 9.72, 9.85, 9.92, 9.99, 10.08, 10.21, 10.3, 10.4, 10.5], [3.98, 3.98, 3.98, 3.98, 3.99, 3.99, 3.99, 4.0, 4.0, 4.01]]","[[8.071634099903, 8.248515774840147, 8.425851967207864, 8.603672714542423, 8.782033531321717, 8.96088331529782, 9.140132097821796, 9.319680372687948, 9.499445762536656, 9.679346889879824], [2.9195922409203874, 2.952951993189094, 2.983804462725907, 3.0117290364447498, 3.035965765552099, 3.0562821326412495, 3.0727099737554164, 3.085454266304978, 3.0946414646016525, 3.1006067291101997]]","[11.909779161837221, 2.880406592806298]"
13,"[[9.72, 9.85, 9.92, 9.99, 10.08, 10.21, 10.3, 10.4, 10.5, 10.63], [3.98, 3.98, 3.98, 3.99, 3.99, 3.99, 4.0, 4.0, 4.01, 4.02]]","[[8.248515774840147, 8.425851967207864, 8.603672714542423, 8.782033531321717, 8.96088331529782, 9.140132097821796, 9.319680372687948, 9.499445762536656, 9.679346889879824, 9.859319767033378], [2.952951993189094, 2.983804462725907, 3.0117290364447498, 3.035965765552099, 3.0562821326412495, 3.0727099737554164, 3.085454266304978, 3.0946414646016525, 3.1006067291101997, 3.1037313873429837]]","[11.988140901600639, 2.9368764544387402]"
14,"[[9.85, 9.92, 9.99, 10.08, 10.21, 10.3, 10.4, 10.5, 10.63, 10.78], [3.98, 3.98, 3.99, 3.99, 3.99, 4.0, 4.0, 4.01, 4.02, 4.04]]","[[8.425851967207864, 8.603672714542423, 8.782033531321717, 8.96088331529782, 9.140132097821796, 9.319680372687948, 9.499445762536656, 9.679346889879824, 9.859319767033378, 10.039316644138188], [2.983804462725907, 3.0117290364447498, 3.035965765552099, 3.0562821326412495, 3.0727099737554164, 3.085454266304978, 3.0946414646016525, 3.1006067291101997, 3.1037313873429837, 3.1047916856577022]]","[12.161590327686161, 2.9991396364738567]"
15,"[[9.92, 9.99, 10.08, 10.21, 10.3, 10.4, 10.5, 10.63, 10.78, 10.9], [3.98, 3.99, 3.99, 3.99, 4.0, 4.0, 4.01, 4.02, 4.04, 4.07]]","[[8.603672714542423, 8.782033531321717, 8.96088331529782, 9.140132097821796, 9.319680372687948, 9.499445762536656, 9.679346889879824, 9.859319767033378, 10.039316644138188, 10.219316588641284], [3.0117290364447498, 3.035965765552099, 3.0562821326412495, 3.0727099737554164, 3.085454266304978, 3.0946414646016525, 3.1006067291101997, 3.1037313873429837, 3.1047916856577022, 3.1046503389835567]]","[12.342488871813892, 3.0712912137270183]"
16,"[[9.99, 10.08, 10.21, 10.3, 10.4, 10.5, 10.63, 10.78, 10.9, 10.99], [3.99, 3.99, 3.99, 4.0, 4.0, 4.01, 4.02, 4.04, 4.07, 4.1]]","[[8.782033531321717, 8.96088331529782, 9.140132097821796, 9.319680372687948, 9.499445762536656, 9.679346889879824, 9.859319767033378, 10.039316644138188, 10.219316588641284, 10.399315991280705], [3.035965765552099, 3.0562821326412495, 3.0727099737554164, 3.085454266304978, 3.0946414646016525, 3.1006067291101997, 3.1037313873429837, 3.1047916856577022, 3.1046503389835567, 3.1041866047370696]]","[12.456763186333806, 3.1445661736715103]"
17,"[[10.08, 10.21, 10.3, 10.4, 10.5, 10.63, 10.78, 10.9, 10.99, 11.08], [3.99, 3.99, 4.0, 4.0, 4.01, 4.02, 4.04, 4.07, 4.1, 4.15]]","[[8.96088331529782, 9.140132097821796, 9.319680372687948, 9.499445762536656, 9.679346889879824, 9.859319767033378, 10.039316644138188, 10.219316588641284, 10.399315991280705, 10.579315990588862], [3.0562821326412495, 3.0727099737554164, 3.085454266304978, 3.0946414646016525, 3.1006067291101997, 3.1037313873429837, 3.1047916856577022, 3.1046503389835567, 3.1041866047370696, 3.10420238648996]]","[12.536263913295466, 3.2559106168662035]"
18,"[[10.21, 10.3, 10.4, 10.5, 10.63, 10.78, 10.9, 10.99, 11.08, 11.22], [3.99, 4.0, 4.0, 4.01, 4.02, 4.04, 4.07, 4.1, 4.15, 4.23]]","[[9.140132097821796, 9.319680372687948, 9.499445762536656, 9.679346889879824, 9.859319767033378, 10.039316644138188, 10.219316588641284, 10.399315991280705, 10.579315990588862, 10.759308103539237], [3.0727099737554164, 3.085454266304978, 3.0946414646016525, 3.1006067291101997, 3.1037313873429837, 3.1047916856577022, 3.1046503389835567, 3.1041866047370696, 3.10420238648996, 3.105887401522343]]","[12.677166108109244, 3.4301859025370525]"
19,"[[10.3, 10.4, 10.5, 10.63, 10.78, 10.9, 10.99, 11.08, 11.22, 11.31], [4.0, 4.0, 4.01, 4.02, 4.04, 4.07, 4.1, 4.15, 4.23, 4.29]]","[[9.319680372687948, 9.499445762536656, 9.679346889879824, 9.859319767033378, 10.039316644138188, 10.219316588641284, 10.399315991280705, 10.579315990588862, 10.759308103539237, 10.939235828852416], [3.085454266304978, 3.0946414646016525, 3.1006067291101997, 3.1037313873429837, 3.1047916856577022, 3.1046503389835567, 3.1041866047370696, 3.10420238648996, 3.105887401522343, 3.1109877606885923]]","[12.811770699953795, 3.5590485712545408]"
20,"[[10.4, 10.5, 10.63, 10.78, 10.9, 10.99, 11.08, 11.22, 11.31, 11.36], [4.0, 4.01, 4.02, 4.04, 4.07, 4.1, 4.15, 4.23, 4.29, 4.33]]","[[9.499445762536656, 9.679346889879824, 9.859319767033378, 10.039316644138188, 10.219316588641284, 10.399315991280705, 10.579315990588862, 10.759308103539237, 10.939235828852416, 11.11898191184724], [3.0946414646016525, 3.1006067291101997, 3.1037313873429837, 3.1047916856577022, 3.1046503389835567, 3.1041866047370696, 3.10420238648996, 3.105887401522343, 3.1109877606885923, 3.1205452524106954]]","[12.865805937955027, 3.6511102758329366]"
21,"[[10.5, 10.63, 10.78, 10.9, 10.99, 11.08, 11.22, 11.31, 11.36, 11.41], [4.01, 4.02, 4.04, 4.07, 4.1, 4.15, 4.23, 4.29, 4.33, 4.39]]","[[9.679346889879824, 9.859319767033378, 10.039316644138188, 10.219316588641284, 10.399315991280705, 10.579315990588862, 10.759308103539237, 10.939235828852416, 11.11898191184724, 11.298375133277371], [3.1006067291101997, 3.1037313873429837, 3.1047916856577022, 3.1046503389835567, 3.1041866047370696, 3.10420238648996, 3.105887401522343, 3.1109877606885923, 3.1205452524106954, 3.135312517049735]]","[12.889574173690274, 3.734592755201285]"
22,"[[10.63, 10.78, 10.9, 10.99, 11.08, 11.22, 11.31, 11.36, 11.41, 11.44], [4.02, 4.04, 4.07, 4.1, 4.15, 4.23, 4.29, 4.33, 4.39, 4.48]]","[[9.859319767033378, 10.039316644138188, 10.219316588641284, 10.399315991280705, 10.579315990588862, 10.759308103539237, 10.939235828852416, 11.11898191184724, 11.298375133277371, 11.477175849876813], [3.1037313873429837, 3.1047916856577022, 3.1046503389835567, 3.1041866047370696, 3.10420238648996, 3.105887401522343, 3.1109877606885923, 3.1205452524106954, 3.135312517049735, 3.156056281016921]]","[12.953437108002118, 3.8150805196033466]"
23,"[[10.78, 10.9, 10.99, 11.08, 11.22, 11.31, 11.36, 11.41, 11.44, 11.45], [4.04, 4.07, 4.1, 4.15, 4.23, 4.29, 4.33, 4.39, 4.48, 4.57]]","[[10.039316644138188, 10.219316588641284, 10.399315991280705, 10.579315990588862, 10.759308103539237, 10.939235828852416, 11.11898191184724, 11.298375133277371, 11.477175849876813, 11.655099837106102], [3.1047916856577022, 3.1046503389835567, 3.1041866047370696, 3.10420238648996, 3.105887401522343, 3.1109877606885923, 3.1205452524106954, 3.135312517049735, 3.156056281016921, 3.183315311968732]]","[13.061913816254966, 3.8058826079968693]"
24,"[[10.9, 10.99, 11.08, 11.22, 11.31, 11.36, 11.41, 11.44, 11.45, 11.46], [4.07, 4.1, 4.15, 4.23, 4.29, 4.33, 4.39, 4.48, 4.57, 4.65]]","[[10.219316588641284, 10.399315991280705, 10.579315990588862, 10.759308103539237, 10.939235828852416, 11.11898191184724, 11.298375133277371, 11.477175849876813, 11.655099837106102, 11.83206873250133], [3.1046503389835567, 3.1041866047370696, 3.10420238648996, 3.105887401522343, 3.1109877606885923, 3.1205452524106954, 3.135312517049735, 3.156056281016921, 3.183315311968732, 3.2162092333310843]]","[13.176892092944446, 3.714735985326171]"
25,"[[10.99, 11.08, 11.22, 11.31, 11.36, 11.41, 11.44, 11.45, 11.46, 11.45], [4.1, 4.15, 4.23, 4.29, 4.33, 4.39, 4.48, 4.57, 4.65, 4.72]]","[[10.399315991280705, 10.579315990588862, 10.759308103539237, 10.939235828852416, 11.11898191184724, 11.298375133277371, 11.477175849876813, 11.655099837106102, 11.83206873250133, 12.084863882393108], [3.1041866047370696, 3.10420238648996, 3.105887401522343, 3.1109877606885923, 3.1205452524106954, 3.135312517049735, 3.156056281016921, 3.183315311968732, 3.2162092333310843, 3.2685921035506325]]","[13.32880757364677, 3.6554605804183082]"
26,"[[11.08, 11.22, 11.31, 11.36, 11.41, 11.44, 11.45, 11.46, 11.45, 11.42], [4.15, 4.23, 4.29, 4.33, 4.39, 4.48, 4.57, 4.65, 4.72, 4.81]]","[[10.579315990588862, 10.759308103539237, 10.939235828852416, 11.11898191184724, 11.298375133277371, 11.477175849876813, 11.655099837106102, 11.83206873250133, 12.084863882393108, 12.313904120124523], [3.10420238648996, 3.105887401522343, 3.1109877606885923, 3.1205452524106954, 3.135312517049735, 3.156056281016921, 3.183315311968732, 3.2162092333310843, 3.2685921035506325, 3.3188456085330387]]","[12.876984967387859, 3.7681891110545536]"
27,"[[11.22, 11.31, 11.36, 11.41, 11.44, 11.45, 11.46, 11.45, 11.42, 11.41], [4.23, 4.29, 4.33, 4.39, 4.48, 4.57, 4.65, 4.72, 4.81, 4.87]]","[[10.759308103539237, 10.939235828852416, 11.11898191184724, 11.298375133277371, 11.477175849876813, 11.655099837106102, 11.83206873250133, 12.084863882393108, 12.313904120124523, 12.381473821796122], [3.105887401522343, 3.1109877606885923, 3.1205452524106954, 3.135312517049735, 3.156056281016921, 3.183315311968732, 3.2162092333310843, 3.2685921035506325, 3.3188456085330387, 3.3727668288356205]]","[12.011013937390986, 5.734971380532398]"
28,"[[11.31, 11.36, 11.41, 11.44, 11.45, 11.46, 11.45, 11.42, 11.41, 11.38], [4.29, 4.33, 4.39, 4.48, 4.57, 4.65, 4.72, 4.81, 4.87, 4.94]]","[[10.939235828852416, 11.11898191184724, 11.298375133277371, 11.477175849876813, 11.655099837106102, 11.83206873250133, 12.084863882393108, 12.313904120124523, 12.381473821796122, 12.549003214633306], [3.1109877606885923, 3.1205452524106954, 3.135312517049735, 3.156056281016921, 3.183315311968732, 3.2162092333310843, 3.2685921035506325, 3.3188456085330387, 3.3727668288356205, 3.438599210955703]]","[11.932384462153752, 5.792880636431777]"
29,"[[11.36, 11.41, 11.44, 11.45, 11.46, 11.45, 11.42, 11.41, 11.38, 11.35], [4.33, 4.39, 4.48, 4.57, 4.65, 4.72, 4.81, 4.87, 4.94, 4.98]]","[[11.11898191184724, 11.298375133277371, 11.477175849876813, 11.655099837106102, 11.83206873250133, 12.084863882393108, 12.313904120124523, 12.381473821796122, 12.549003214633306, 12.702577284521663], [3.1205452524106954, 3.135312517049735, 3.156056281016921, 3.183315311968732, 3.2162092333310843, 3.2685921035506325, 3.3188456085330387, 3.3727668288356205, 3.438599210955703, 3.5324874693159787]]","[11.810638240522945, 5.740202742219421]"
30,"[[11.41, 11.44, 11.45, 11.46, 11.45, 11.42, 11.41, 11.38, 11.35, 11.3], [4.39, 4.48, 4.57, 4.65, 4.72, 4.81, 4.87, 4.94, 4.98, 5.01]]","[[11.298375133277371, 11.477175849876813, 11.655099837106102, 11.83206873250133, 12.084863882393108, 12.313904120124523, 12.381473821796122, 12.549003214633306, 12.702577284521663, 12.838204506113629], [3.135312517049735, 3.156056281016921, 3.183315311968732, 3.2162092333310843, 3.2685921035506325, 3.3188456085330387, 3.3727668288356205, 3.438599210955703, 3.5324874693159787, 3.6508312767722364]]","[11.563640597536663, 5.666270071861958]"
31,"[[11.44, 11.45, 11.46, 11.45, 11.42, 11.41, 11.38, 11.35, 11.3, 11.27], [4.48, 4.57, 4.65, 4.72, 4.81, 4.87, 4.94, 4.98, 5.01, 5.02]]","[[11.477175849876813, 11.655099837106102, 11.83206873250133, 12.084863882393108, 12.313904120124523, 12.381473821796122, 12.549003214633306, 12.702577284521663, 12.838204506113629, 12.951845188270761], [3.156056281016921, 3.183315311968732, 3.2162092333310843, 3.2685921035506325, 3.3188456085330387, 3.3727668288356205, 3.438599210955703, 3.5324874693159787, 3.6508312767722364, 3.790422807170257]]","[11.378057141433908, 5.4397325615419]"
32,"[[11.45, 11.46, 11.45, 11.42, 11.41, 11.38, 11.35, 11.3, 11.27, 11.19], [4.57, 4.65, 4.72, 4.81, 4.87, 4.94, 4.98, 5.01, 5.02, 5.03]]","[[11.655099837106102, 11.83206873250133, 12.084863882393108, 12.313904120124523, 12.381473821796122, 12.549003214633306, 12.702577284521663, 12.838204506113629, 12.951845188270761, 13.03969298154644], [3.183315311968732, 3.2162092333310843, 3.2685921035506325, 3.3188456085330387, 3.3727668288356205, 3.438599210955703, 3.5324874693159787, 3.6508312767722364, 3.790422807170257, 3.9475303029067548]]","[11.173249466722526, 5.126560363674882]"
33,"[[11.46, 11.45, 11.42, 11.41, 11.38, 11.35, 11.3, 11.27, 11.19, 11.05], [4.65, 4.72, 4.81, 4.87, 4.94, 4.98, 5.01, 5.02, 5.03, 5.04]]","[[11.83206873250133, 12.084863882393108, 12.313904120124523, 12.381473821796122, 12.549003214633306, 12.702577284521663, 12.838204506113629, 12.951845188270761, 13.03969298154644, 13.097642137592505], [3.2162092333310843, 3.2685921035506325, 3.3188456085330387, 3.3727668288356205, 3.438599210955703, 3.5324874693159787, 3.6508312767722364, 3.790422807170257, 3.9475303029067548, 4.117947131047489]]","[10.854561998432349, 4.847307353863957]"
34,"[[11.45, 11.42, 11.41, 11.38, 11.35, 11.3, 11.27, 11.19, 11.05, 10.96], [4.72, 4.81, 4.87, 4.94, 4.98, 5.01, 5.02, 5.03, 5.04, 5.04]]","[[12.084863882393108, 12.313904120124523, 12.381473821796122, 12.549003214633306, 12.702577284521663, 12.838204506113629, 12.951845188270761, 13.03969298154644, 13.097642137592505, 13.122345237227833], [3.2685921035506325, 3.3188456085330387, 3.3727668288356205, 3.438599210955703, 3.5324874693159787, 3.6508312767722364, 3.790422807170257, 3.9475303029067548, 4.117947131047489, 4.296243953420764]]","[10.38498309085027, 4.455059471442348]"
35,"[[11.42, 11.41, 11.38, 11.35, 11.3, 11.27, 11.19, 11.05, 10.96, 10.83], [4.81, 4.87, 4.94, 4.98, 5.01, 5.02, 5.03, 5.04, 5.04, 5.04]]","[[12.313904120124523, 12.381473821796122, 12.549003214633306, 12.702577284521663, 12.838204506113629, 12.951845188270761, 13.03969298154644, 13.097642137592505, 13.122345237227833, 13.111481974390847], [3.3188456085330387, 3.3727668288356205, 3.438599210955703, 3.5324874693159787, 3.6508312767722364, 3.790422807170257, 3.9475303029067548, 4.117947131047489, 4.296243953420764, 4.475915847495866]]","[10.003763268259865, 4.283186627701593]"
36,"[[11.41, 11.38, 11.35, 11.3, 11.27, 11.19, 11.05, 10.96, 10.83, 10.7], [4.87, 4.94, 4.98, 5.01, 5.02, 5.03, 5.04, 5.04, 5.04, 5.04]]","[[12.381473821796122, 12.549003214633306, 12.702577284521663, 12.838204506113629, 12.951845188270761, 13.03969298154644, 13.097642137592505, 13.122345237227833, 13.111481974390847, 13.067111551106562], [3.3727668288356205, 3.438599210955703, 3.5324874693159787, 3.6508312767722364, 3.790422807170257, 3.9475303029067548, 4.117947131047489, 4.296243953420764, 4.475915847495866, 4.650361442274219]]","[9.784846126378168, 4.2011826869908635]"
37,"[[11.38, 11.35, 11.3, 11.27, 11.19, 11.05, 10.96, 10.83, 10.7, 10.54], [4.94, 4.98, 5.01, 5.02, 5.03, 5.04, 5.04, 5.04, 5.04, 5.03]]","[[12.549003214633306, 12.702577284521663, 12.838204506113629, 12.951845188270761, 13.03969298154644, 13.097642137592505, 13.122345237227833, 13.111481974390847, 13.067111551106562, 12.993058255877266], [3.438599210955703, 3.5324874693159787, 3.6508312767722364, 3.790422807170257, 3.9475303029067548, 4.117947131047489, 4.296243953420764, 4.475915847495866, 4.650361442274219, 4.814422740165229]]","[9.486361554827461, 4.123627080146308]"
38,"[[11.35, 11.3, 11.27, 11.19, 11.05, 10.96, 10.83, 10.7, 10.54, 10.4], [4.98, 5.01, 5.02, 5.03, 5.04, 5.04, 5.04, 5.04, 5.03, 5.02]]","[[12.702577284521663, 12.838204506113629, 12.951845188270761, 13.03969298154644, 13.097642137592505, 13.122345237227833, 13.111481974390847, 13.067111551106562, 12.993058255877266, 12.893669324910707], [3.5324874693159787, 3.6508312767722364, 3.790422807170257, 3.9475303029067548, 4.117947131047489, 4.296243953420764, 4.475915847495866, 4.650361442274219, 4.814422740165229, 4.964495523844765]]","[9.216092783010073, 4.081012173567818]"
39,"[[11.3, 11.27, 11.19, 11.05, 10.96, 10.83, 10.7, 10.54, 10.4, 10.28], [5.01, 5.02, 5.03, 5.04, 5.04, 5.04, 5.04, 5.03, 5.02, 5.02]]","[[12.838204506113629, 12.951845188270761, 13.03969298154644, 13.097642137592505, 13.122345237227833, 13.111481974390847, 13.067111551106562, 12.993058255877266, 12.893669324910707, 12.773425454158586], [3.6508312767722364, 3.790422807170257, 3.9475303029067548, 4.117947131047489, 4.296243953420764, 4.475915847495866, 4.650361442274219, 4.814422740165229, 4.964495523844765, 5.098441078256052]]","[9.03421413328151, 4.124611570428293]"
40,"[[11.27, 11.19, 11.05, 10.96, 10.83, 10.7, 10.54, 10.4, 10.28, 10.16], [5.02, 5.03, 5.04, 5.04, 5.04, 5.04, 5.03, 5.02, 5.02, 5.02]]","[[12.951845188270761, 13.03969298154644, 13.097642137592505, 13.122345237227833, 13.111481974390847, 13.067111551106562, 12.993058255877266, 12.893669324910707, 12.773425454158586, 12.636681978775476], [3.790422807170257, 3.9475303029067548, 4.117947131047489, 4.296243953420764, 4.475915847495866, 4.650361442274219, 4.814422740165229, 4.964495523844765, 5.098441078256052, 5.215493297116477]]","[8.909488146378015, 4.225416516797263]"
41,"[[11.19, 11.05, 10.96, 10.83, 10.7, 10.54, 10.4, 10.28, 10.16, 10.07], [5.03, 5.04, 5.04, 5.04, 5.04, 5.03, 5.02, 5.02, 5.02, 5.02]]","[[13.03969298154644, 13.097642137592505, 13.122345237227833, 13.111481974390847, 13.067111551106562, 12.993058255877266, 12.893669324910707, 12.773425454158586, 12.636681978775476, 12.487298533380912], [3.9475303029067548, 4.117947131047489, 4.296243953420764, 4.475915847495866, 4.650361442274219, 4.814422740165229, 4.964495523844765, 5.098441078256052, 5.215493297116477, 5.315915337735302]]","[8.82752470678179, 4.312177053624279]"
42,"[[11.05, 10.96, 10.83, 10.7, 10.54, 10.4, 10.28, 10.16, 10.07, 9.92], [5.04, 5.04, 5.04, 5.04, 5.03, 5.02, 5.02, 5.02, 5.02, 5.02]]","[[13.097642137592505, 13.122345237227833, 13.111481974390847, 13.067111551106562, 12.993058255877266, 12.893669324910707, 12.773425454158586, 12.636681978775476, 12.487298533380912, 12.328369425417973], [4.117947131047489, 4.296243953420764, 4.475915847495866, 4.650361442274219, 4.814422740165229, 4.964495523844765, 5.098441078256052, 5.215493297116477, 5.315915337735302, 5.400422962492507]]","[8.740968512179448, 4.423794301336806]"
43,"[[10.96, 10.83, 10.7, 10.54, 10.4, 10.28, 10.16, 10.07, 9.92, 9.67], [5.04, 5.04, 5.04, 5.03, 5.02, 5.02, 5.02, 5.02, 5.02, 5.02]]","[[13.122345237227833, 13.111481974390847, 13.067111551106562, 12.993058255877266, 12.893669324910707, 12.773425454158586, 12.636681978775476, 12.487298533380912, 12.328369425417973, 12.162450357007062], [4.296243953420764, 4.475915847495866, 4.650361442274219, 4.814422740165229, 4.964495523844765, 5.098441078256052, 5.215493297116477, 5.315915337735302, 5.400422962492507, 5.470214528871656]]","[8.499237819241559, 4.584348304105879]"
44,"[[10.83, 10.7, 10.54, 10.4, 10.28, 10.16, 10.07, 9.92, 9.67, 9.56], [5.04, 5.04, 5.03, 5.02, 5.02, 5.02, 5.02, 5.02, 5.02, 5.03]]","[[13.111481974390847, 13.067111551106562, 12.993058255877266, 12.893669324910707, 12.773425454158586, 12.636681978775476, 12.487298533380912, 12.328369425417973, 12.162450357007062, 11.991696768272895], [4.475915847495866, 4.650361442274219, 4.814422740165229, 4.964495523844765, 5.098441078256052, 5.215493297116477, 5.315915337735302, 5.400422962492507, 5.470214528871656, 5.527163733733561]]","[8.29872339295246, 4.685066749347117]"
45,"[[10.7, 10.54, 10.4, 10.28, 10.16, 10.07, 9.92, 9.67, 9.56, 9.48], [5.04, 5.03, 5.02, 5.02, 5.02, 5.02, 5.02, 5.02, 5.03, 5.03]]","[[13.067111551106562, 12.993058255877266, 12.893669324910707, 12.773425454158586, 12.636681978775476, 12.487298533380912, 12.328369425417973, 12.162450357007062, 11.991696768272895, 11.81758031855552], [4.650361442274219, 4.814422740165229, 4.964495523844765, 5.098441078256052, 5.215493297116477, 5.315915337735302, 5.400422962492507, 5.470214528871656, 5.527163733733561, 5.572808688962114]]","[8.166848754987404, 4.788724130475176]"
46,"[[10.54, 10.4, 10.28, 10.16, 10.07, 9.92, 9.67, 9.56, 9.48, 9.37], [5.03, 5.02, 5.02, 5.02, 5.02, 5.02, 5.02, 5.03, 5.03, 5.03]]","[[12.993058255877266, 12.893669324910707, 12.773425454158586, 12.636681978775476, 12.487298533380912, 12.328369425417973, 12.162450357007062, 11.991696768272895, 11.81758031855552, 11.6411765434334], [4.814422740165229, 4.964495523844765, 5.098441078256052, 5.215493297116477, 5.315915337735302, 5.400422962492507, 5.470214528871656, 5.527163733733561, 5.572808688962114, 5.6086096403833325]]","[8.07358368416521, 4.824829900049775]"
47,"[[10.4, 10.28, 10.16, 10.07, 9.92, 9.67, 9.56, 9.48, 9.37, 9.18], [5.02, 5.02, 5.02, 5.02, 5.02, 5.02, 5.03, 5.03, 5.03, 5.03]]","[[12.893669324910707, 12.773425454158586, 12.636681978775476, 12.487298533380912, 12.328369425417973, 12.162450357007062, 11.991696768272895, 11.81758031855552, 11.6411765434334, 11.463204502585628], [4.964495523844765, 5.098441078256052, 5.215493297116477, 5.315915337735302, 5.400422962492507, 5.470214528871656, 5.527163733733561, 5.572808688962114, 5.6086096403833325, 5.635553149369337]]","[7.912286161902644, 4.8610283414393445]"
48,"[[10.28, 10.16, 10.07, 9.92, 9.67, 9.56, 9.48, 9.37, 9.18, 8.99], [5.02, 5.02, 5.02, 5.02, 5.02, 5.03, 5.03, 5.03, 5.03, 5.03]]","[[12.773425454158586, 12.636681978775476, 12.487298533380912, 12.328369425417973, 12.162450357007062, 11.991696768272895, 11.81758031855552, 11.6411765434334, 11.463204502585628, 11.284223384700956], [5.098441078256052, 5.215493297116477, 5.315915337735302, 5.400422962492507, 5.470214528871656, 5.527163733733561, 5.572808688962114, 5.6086096403833325, 5.635553149369337, 5.654677987689009]]","[7.668509549938383, 4.917597890490523]"
49,"[[10.16, 10.07, 9.92, 9.67, 9.56, 9.48, 9.37, 9.18, 8.99, 8.71], [5.02, 5.02, 5.02, 5.02, 5.03, 5.03, 5.03, 5.03, 5.03, 5.03]]","[[12.636681978775476, 12.487298533380912, 12.328369425417973, 12.162450357007062, 11.991696768272895, 11.81758031855552, 11.6411765434334, 11.463204502585628, 11.284223384700956, 11.104658483946332], [5.215493297116477, 5.315915337735302, 5.400422962492507, 5.470214528871656, 5.527163733733561, 5.572808688962114, 5.6086096403833325, 5.635553149369337, 5.654677987689009, 5.667185841900744]]","[7.319438576185712, 5.045085846287646]"
50,"[[10.07, 9.92, 9.67, 9.56, 9.48, 9.37, 9.18, 8.99, 8.71, 8.52], [5.02, 5.02, 5.02, 5.03, 5.03, 5.03, 5.03, 5.03, 5.03, 5.03]]","[[12.487298533380912, 12.328369425417973, 12.162450357007062, 11.991696768272895, 11.81758031855552, 11.6411765434334, 11.463204502585628, 11.284223384700956, 11.104658483946332, 10.924814598408553], [5.315915337735302, 5.400422962492507, 5.470214528871656, 5.527163733733561, 5.572808688962114, 5.6086096403833325, 5.635553149369337, 5.654677987689009, 5.667185841900744, 5.674680962625187]]","[6.978836433735701, 5.104447081151646]"
51,"[[9.92, 9.67, 9.56, 9.48, 9.37, 9.18, 8.99, 8.71, 8.52, 8.33], [5.02, 5.02, 5.03, 5.03, 5.03, 5.03, 5.03, 5.03, 5.03, 5.04]]","[[12.328369425417973, 12.162450357007062, 11.991696768272895, 11.81758031855552, 11.6411765434334, 11.463204502585628, 11.284223384700956, 11.104658483946332, 10.924814598408553, 10.744848579529235], [5.400422962492507, 5.470214528871656, 5.527163733733561, 5.572808688962114, 5.6086096403833325, 5.635553149369337, 5.654677987689009, 5.667185841900744, 5.674680962625187, 5.678178397217701]]","[6.606224388245055, 5.133062330285023]"
52,"[[9.67, 9.56, 9.48, 9.37, 9.18, 8.99, 8.71, 8.52, 8.33, 8.17], [5.02, 5.03, 5.03, 5.03, 5.03, 5.03, 5.03, 5.03, 5.04, 5.04]]","[[12.162450357007062, 11.991696768272895, 11.81758031855552, 11.6411765434334, 11.463204502585628, 11.284223384700956, 11.104658483946332, 10.924814598408553, 10.744848579529235, 10.564848752017365], [5.470214528871656, 5.527163733733561, 5.572808688962114, 5.6086096403833325, 5.635553149369337, 5.654677987689009, 5.667185841900744, 5.674680962625187, 5.678178397217701, 5.678427587300528]]","[6.325698227877961, 5.058259199410666]"
53,"[[9.56, 9.48, 9.37, 9.18, 8.99, 8.71, 8.52, 8.33, 8.17, 8.02], [5.03, 5.03, 5.03, 5.03, 5.03, 5.03, 5.03, 5.04, 5.04, 5.04]]","[[11.991696768272895, 11.81758031855552, 11.6411765434334, 11.463204502585628, 11.284223384700956, 11.104658483946332, 10.924814598408553, 10.744848579529235, 10.564848752017365, 10.384872410572305], [5.527163733733561, 5.572808688962114, 5.6086096403833325, 5.635553149369337, 5.654677987689009, 5.667185841900744, 5.674680962625187, 5.678178397217701, 5.678427587300528, 5.675509279563]]","[6.123482201374307, 5.074270969225934]"
54,"[[9.48, 9.37, 9.18, 8.99, 8.71, 8.52, 8.33, 8.17, 8.02, 7.84], [5.03, 5.03, 5.03, 5.03, 5.03, 5.03, 5.04, 5.04, 5.04, 5.04]]","[[11.81758031855552, 11.6411765434334, 11.463204502585628, 11.284223384700956, 11.104658483946332, 10.924814598408553, 10.744848579529235, 10.564848752017365, 10.384872410572305, 10.204959383360656], [5.572808688962114, 5.6086096403833325, 5.635553149369337, 5.654677987689009, 5.667185841900744, 5.674680962625187, 5.678178397217701, 5.678427587300528, 5.675509279563, 5.669914403376654]]","[5.987749090544494, 5.128508367953375]"
55,"[[9.37, 9.18, 8.99, 8.71, 8.52, 8.33, 8.17, 8.02, 7.84, 7.7], [5.03, 5.03, 5.03, 5.03, 5.03, 5.04, 5.04, 5.04, 5.04, 5.04]]","[[11.6411765434334, 11.463204502585628, 11.284223384700956, 11.104658483946332, 10.924814598408553, 10.744848579529235, 10.564848752017365, 10.384872410572305, 10.204959383360656, 10.025123292768944], [5.6086096403833325, 5.635553149369337, 5.654677987689009, 5.667185841900744, 5.674680962625187, 5.678178397217701, 5.678427587300528, 5.675509279563, 5.669914403376654, 5.662234525728573]]","[5.9066716974625475, 5.164632122564663]"
56,"[[9.18, 8.99, 8.71, 8.52, 8.33, 8.17, 8.02, 7.84, 7.7, 7.46], [5.03, 5.03, 5.03, 5.03, 5.04, 5.04, 5.04, 5.04, 5.04, 5.04]]","[[11.463204502585628, 11.284223384700956, 11.104658483946332, 10.924814598408553, 10.744848579529235, 10.564848752017365, 10.384872410572305, 10.204959383360656, 10.025123292768944, 9.845366469333435], [5.635553149369337, 5.654677987689009, 5.667185841900744, 5.674680962625187, 5.678178397217701, 5.678427587300528, 5.675509279563, 5.669914403376654, 5.662234525728573, 5.65288121463702]]","[5.770507327029968, 5.2085629201118735]"
57,"[[8.99, 8.71, 8.52, 8.33, 8.17, 8.02, 7.84, 7.7, 7.46, 7.33], [5.03, 5.03, 5.03, 5.04, 5.04, 5.04, 5.04, 5.04, 5.04, 5.04]]","[[11.284223384700956, 11.104658483946332, 10.924814598408553, 10.744848579529235, 10.564848752017365, 10.384872410572305, 10.204959383360656, 10.025123292768944, 9.845366469333435, 9.66567734923197], [5.654677987689009, 5.667185841900744, 5.674680962625187, 5.678178397217701, 5.678427587300528, 5.675509279563, 5.669914403376654, 5.662234525728573, 5.65288121463702, 5.642306711473197]]","[5.624805252216589, 5.1702989600083535]"
58,"[[8.71, 8.52, 8.33, 8.17, 8.02, 7.84, 7.7, 7.46, 7.33, 7.18], [5.03, 5.03, 5.04, 5.04, 5.04, 5.04, 5.04, 5.04, 5.04, 5.04]]","[[11.104658483946332, 10.924814598408553, 10.744848579529235, 10.564848752017365, 10.384872410572305, 10.204959383360656, 10.025123292768944, 9.845366469333435, 9.66567734923197, 9.486065470612905], [5.667185841900744, 5.674680962625187, 5.678178397217701, 5.678427587300528, 5.675509279563, 5.669914403376654, 5.662234525728573, 5.65288121463702, 5.642306711473197, 5.630492607235886]]","[5.503659092820547, 5.133770862698532]"
59,"[[8.52, 8.33, 8.17, 8.02, 7.84, 7.7, 7.46, 7.33, 7.18, 7.05], [5.03, 5.04, 5.04, 5.04, 5.04, 5.04, 5.04, 5.04, 5.04, 5.04]]","[[10.924814598408553, 10.744848579529235, 10.564848752017365, 10.384872410572305, 10.204959383360656, 10.025123292768944, 9.845366469333435, 9.66567734923197, 9.486065470612905, 9.30654080618982], [5.674680962625187, 5.678178397217701, 5.678427587300528, 5.675509279563, 5.669914403376654, 5.662234525728573, 5.65288121463702, 5.642306711473197, 5.630492607235886, 5.617419931007247]]","[5.396659691230104, 5.092606755805831]"
60,"[[8.33, 8.17, 8.02, 7.84, 7.7, 7.46, 7.33, 7.18, 7.05, 6.88], [5.04, 5.04, 5.04, 5.04, 5.04, 5.04, 5.04, 5.04, 5.04, 5.04]]","[[10.744848579529235, 10.564848752017365, 10.384872410572305, 10.204959383360656, 10.025123292768944, 9.845366469333435, 9.66567734923197, 9.486065470612905, 9.30654080618982, 9.127116193624932], [5.678178397217701, 5.678427587300528, 5.675509279563, 5.669914403376654, 5.662234525728573, 5.65288121463702, 5.642306711473197, 5.630492607235886, 5.617419931007247, 5.603039096332605]]","[5.271504869314629, 5.079704354740198]"
61,"[[8.17, 8.02, 7.84, 7.7, 7.46, 7.33, 7.18, 7.05, 6.88, 6.7], [5.04, 5.04, 5.04, 5.04, 5.04, 5.04, 5.04, 5.04, 5.04, 5.04]]","[[10.564848752017365, 10.384872410572305, 10.204959383360656, 10.025123292768944, 9.845366469333435, 9.66567734923197, 9.486065470612905, 9.30654080618982, 9.127116193624932, 8.947790271073528], [5.678427587300528, 5.675509279563, 5.669914403376654, 5.662234525728573, 5.65288121463702, 5.642306711473197, 5.630492607235886, 5.617419931007247, 5.603039096332605, 5.587475886474502]]","[5.120137339860149, 5.083938589225662]"
62,"[[8.02, 7.84, 7.7, 7.46, 7.33, 7.18, 7.05, 6.88, 6.7, 6.54], [5.04, 5.04, 5.04, 5.04, 5.04, 5.04, 5.04, 5.04, 5.04, 5.04]]","[[10.384872410572305, 10.204959383360656, 10.025123292768944, 9.845366469333435, 9.66567734923197, 9.486065470612905, 9.30654080618982, 9.127116193624932, 8.947790271073528, 8.76854947931493], [5.675509279563, 5.669914403376654, 5.662234525728573, 5.65288121463702, 5.642306711473197, 5.630492607235886, 5.617419931007247, 5.603039096332605, 5.587475886474502, 5.5709610879667855]]","[4.952927626440173, 5.11454698445879]"
63,"[[7.84, 7.7, 7.46, 7.33, 7.18, 7.05, 6.88, 6.7, 6.54, 6.29], [5.04, 5.04, 5.04, 5.04, 5.04, 5.04, 5.04, 5.04, 5.04, 5.04]]","[[10.204959383360656, 10.025123292768944, 9.845366469333435, 9.66567734923197, 9.486065470612905, 9.30654080618982, 9.127116193624932, 8.947790271073528, 8.76854947931493, 8.589363492127086], [5.669914403376654, 5.662234525728573, 5.65288121463702, 5.642306711473197, 5.630492607235886, 5.617419931007247, 5.603039096332605, 5.587475886474502, 5.5709610879667855, 5.553861906830898]]","[4.716797030563976, 5.154543628995052]"
64,"[[7.7, 7.46, 7.33, 7.18, 7.05, 6.88, 6.7, 6.54, 6.29, 6.13], [5.04, 5.04, 5.04, 5.04, 5.04, 5.04, 5.04, 5.04, 5.04, 5.03]]","[[10.025123292768944, 9.845366469333435, 9.66567734923197, 9.486065470612905, 9.30654080618982, 9.127116193624932, 8.947790271073528, 8.76854947931493, 8.589363492127086, 8.410193199968182], [5.662234525728573, 5.65288121463702, 5.642306711473197, 5.630492607235886, 5.617419931007247, 5.603039096332605, 5.587475886474502, 5.5709610879667855, 5.553861906830898, 5.536599044736429]]","[4.437411780214154, 5.113867227967782]"
65,"[[7.46, 7.33, 7.18, 7.05, 6.88, 6.7, 6.54, 6.29, 6.13, 6.01], [5.04, 5.04, 5.04, 5.04, 5.04, 5.04, 5.04, 5.04, 5.03, 5.02]]","[[9.845366469333435, 9.66567734923197, 9.486065470612905, 9.30654080618982, 9.127116193624932, 8.947790271073528, 8.76854947931493, 8.589363492127086, 8.410193199968182, 8.231043659347206], [5.65288121463702, 5.642306711473197, 5.630492607235886, 5.617419931007247, 5.603039096332605, 5.587475886474502, 5.5709610879667855, 5.553861906830898, 5.536599044736429, 5.519122142971727]]","[4.258661590713173, 5.031015653790209]"
66,"[[7.33, 7.18, 7.05, 6.88, 6.7, 6.54, 6.29, 6.13, 6.01, 5.87], [5.04, 5.04, 5.04, 5.04, 5.04, 5.04, 5.04, 5.03, 5.02, 5.02]]","[[9.66567734923197, 9.486065470612905, 9.30654080618982, 9.127116193624932, 8.947790271073528, 8.76854947931493, 8.589363492127086, 8.410193199968182, 8.231043659347206, 8.051947388057595], [5.642306711473197, 5.630492607235886, 5.617419931007247, 5.603039096332605, 5.587475886474502, 5.5709610879667855, 5.553861906830898, 5.536599044736429, 5.519122142971727, 5.501107548606101]]","[4.121197494869119, 5.008169030081931]"
67,"[[7.18, 7.05, 6.88, 6.7, 6.54, 6.29, 6.13, 6.01, 5.87, 5.71], [5.04, 5.04, 5.04, 5.04, 5.04, 5.04, 5.03, 5.02, 5.02, 5.02]]","[[9.486065470612905, 9.30654080618982, 9.127116193624932, 8.947790271073528, 8.76854947931493, 8.589363492127086, 8.410193199968182, 8.231043659347206, 8.051947388057595, 7.872904865948458], [5.630492607235886, 5.617419931007247, 5.603039096332605, 5.587475886474502, 5.5709610879667855, 5.553861906830898, 5.536599044736429, 5.519122142971727, 5.501107548606101, 5.482566370736312]]","[4.019195883480807, 4.995828881035995]"
68,"[[7.05, 6.88, 6.7, 6.54, 6.29, 6.13, 6.01, 5.87, 5.71, 5.49], [5.04, 5.04, 5.04, 5.04, 5.04, 5.03, 5.02, 5.02, 5.02, 5.01]]","[[9.30654080618982, 9.127116193624932, 8.947790271073528, 8.76854947931493, 8.589363492127086, 8.410193199968182, 8.231043659347206, 8.051947388057595, 7.872904865948458, 7.69391294068866], [5.617419931007247, 5.603039096332605, 5.587475886474502, 5.5709610879667855, 5.553861906830898, 5.536599044736429, 5.519122142971727, 5.501107548606101, 5.482566370736312, 5.463542945918707]]","[3.8359820420222785, 5.014535136756567]"
69,"[[6.88, 6.7, 6.54, 6.29, 6.13, 6.01, 5.87, 5.71, 5.49, 5.19], [5.04, 5.04, 5.04, 5.04, 5.03, 5.02, 5.02, 5.02, 5.01, 5.01]]","[[9.127116193624932, 8.947790271073528, 8.76854947931493, 8.589363492127086, 8.410193199968182, 8.231043659347206, 8.051947388057595, 7.872904865948458, 7.69391294068866, 7.51494392842311], [5.603039096332605, 5.587475886474502, 5.5709610879667855, 5.553861906830898, 5.536599044736429, 5.519122142971727, 5.501107548606101, 5.482566370736312, 5.463542945918707, 5.444305153719678]]","[3.5080040404226214, 5.068639012209668]"
70,"[[6.7, 6.54, 6.29, 6.13, 6.01, 5.87, 5.71, 5.49, 5.19, 4.97], [5.04, 5.04, 5.04, 5.03, 5.02, 5.02, 5.02, 5.01, 5.01, 5.01]]","[[8.947790271073528, 8.76854947931493, 8.589363492127086, 8.410193199968182, 8.231043659347206, 8.051947388057595, 7.872904865948458, 7.69391294068866, 7.51494392842311, 7.335943757242292], [5.587475886474502, 5.5709610879667855, 5.553861906830898, 5.536599044736429, 5.519122142971727, 5.501107548606101, 5.482566370736312, 5.463542945918707, 5.444305153719678, 5.425359475657435]]","[3.1772733318272532, 5.091349172636957]"
71,"[[6.54, 6.29, 6.13, 6.01, 5.87, 5.71, 5.49, 5.19, 4.97, 4.73], [5.04, 5.04, 5.03, 5.02, 5.02, 5.02, 5.01, 5.01, 5.01, 4.99]]","[[8.76854947931493, 8.589363492127086, 8.410193199968182, 8.231043659347206, 8.051947388057595, 7.872904865948458, 7.69391294068866, 7.51494392842311, 7.335943757242292, 7.156886882061229], [5.5709610879667855, 5.553861906830898, 5.536599044736429, 5.519122142971727, 5.501107548606101, 5.482566370736312, 5.463542945918707, 5.444305153719678, 5.425359475657435, 5.406957425489234]]","[2.7634075348322247, 5.070218123807716]"
72,"[[6.29, 6.13, 6.01, 5.87, 5.71, 5.49, 5.19, 4.97, 4.73, 4.61], [5.04, 5.03, 5.02, 5.02, 5.02, 5.01, 5.01, 5.01, 4.99, 4.99]]","[[8.589363492127086, 8.410193199968182, 8.231043659347206, 8.051947388057595, 7.872904865948458, 7.69391294068866, 7.51494392842311, 7.335943757242292, 7.156886882061229, 6.977773642124762], [5.553861906830898, 5.536599044736429, 5.519122142971727, 5.501107548606101, 5.482566370736312, 5.463542945918707, 5.444305153719678, 5.425359475657435, 5.406957425489234, 5.3891123343025304]]","[2.5058760400434634, 4.926786284497843]"
73,"[[6.13, 6.01, 5.87, 5.71, 5.49, 5.19, 4.97, 4.73, 4.61, 4.48], [5.03, 5.02, 5.02, 5.02, 5.01, 5.01, 5.01, 4.99, 4.99, 4.98]]","[[8.410193199968182, 8.231043659347206, 8.051947388057595, 7.872904865948458, 7.69391294068866, 7.51494392842311, 7.335943757242292, 7.156886882061229, 6.977773642124762, 6.798668378003539], [5.536599044736429, 5.519122142971727, 5.501107548606101, 5.482566370736312, 5.463542945918707, 5.444305153719678, 5.425359475657435, 5.406957425489234, 5.3891123343025304, 5.371187369475035]]","[2.3733038836798084, 4.867464642176299]"
74,"[[6.01, 5.87, 5.71, 5.49, 5.19, 4.97, 4.73, 4.61, 4.48, 4.33], [5.02, 5.02, 5.02, 5.01, 5.01, 5.01, 4.99, 4.99, 4.98, 4.98]]","[[8.231043659347206, 8.051947388057595, 7.872904865948458, 7.69391294068866, 7.51494392842311, 7.335943757242292, 7.156886882061229, 6.977773642124762, 6.798668378003539, 6.619592584054055], [5.519122142971727, 5.501107548606101, 5.482566370736312, 5.463542945918707, 5.444305153719678, 5.425359475657435, 5.406957425489234, 5.3891123343025304, 5.371187369475035, 5.352970343884613]]","[2.309924043099465, 4.849688392933991]"
75,"[[5.87, 5.71, 5.49, 5.19, 4.97, 4.73, 4.61, 4.48, 4.33, 4.21], [5.02, 5.02, 5.01, 5.01, 5.01, 4.99, 4.99, 4.98, 4.98, 4.98]]","[[8.051947388057595, 7.872904865948458, 7.69391294068866, 7.51494392842311, 7.335943757242292, 7.156886882061229, 6.977773642124762, 6.798668378003539, 6.619592584054055, 6.440549590338], [5.501107548606101, 5.482566370736312, 5.463542945918707, 5.444305153719678, 5.425359475657435, 5.406957425489234, 5.3891123343025304, 5.371187369475035, 5.352970343884613, 5.33443372064324]]","[2.353568293798693, 4.880911276871878]"
76,"[[5.71, 5.49, 5.19, 4.97, 4.73, 4.61, 4.48, 4.33, 4.21, 4.09], [5.02, 5.01, 5.01, 5.01, 4.99, 4.99, 4.98, 4.98, 4.98, 4.97]]","[[7.872904865948458, 7.69391294068866, 7.51494392842311, 7.335943757242292, 7.156886882061229, 6.977773642124762, 6.798668378003539, 6.619592584054055, 6.440549590338, 6.261523018494272], [5.482566370736312, 5.463542945918707, 5.444305153719678, 5.425359475657435, 5.406957425489234, 5.3891123343025304, 5.371187369475035, 5.352970343884613, 5.33443372064324, 5.315739160635507]]","[2.4293484789282322, 4.920610910513437]"
77,"[[5.49, 5.19, 4.97, 4.73, 4.61, 4.48, 4.33, 4.21, 4.09, 3.94], [5.01, 5.01, 5.01, 4.99, 4.99, 4.98, 4.98, 4.98, 4.97, 4.97]]","[[7.69391294068866, 7.51494392842311, 7.335943757242292, 7.156886882061229, 6.977773642124762, 6.798668378003539, 6.619592584054055, 6.440549590338, 6.261523018494272, 6.082493529640942], [5.463542945918707, 5.444305153719678, 5.425359475657435, 5.406957425489234, 5.3891123343025304, 5.371187369475035, 5.352970343884613, 5.33443372064324, 5.315739160635507, 5.2970725562063325]]","[2.4348218301170164, 4.934462216087924]"
78,"[[5.19, 4.97, 4.73, 4.61, 4.48, 4.33, 4.21, 4.09, 3.94, 3.73], [5.01, 5.01, 4.99, 4.99, 4.98, 4.98, 4.98, 4.97, 4.97, 4.96]]","[[7.51494392842311, 7.335943757242292, 7.156886882061229, 6.977773642124762, 6.798668378003539, 6.619592584054055, 6.440549590338, 6.261523018494272, 6.082493529640942, 5.903453303023681], [5.444305153719678, 5.425359475657435, 5.406957425489234, 5.3891123343025304, 5.371187369475035, 5.352970343884613, 5.33443372064324, 5.315739160635507, 5.2970725562063325, 5.278509225340358]]","[2.328669739409789, 4.875235583277217]"
